trajectory,step,metric,mean,delta_from_base,ci95_low,ci95_high,increased_items,n
base,0,attention_train3_max,0.032702483001221916,0.0,0.0,0.0,0,24
base,0,attention_train3_mean,0.006069614947276381,0.0,0.0,0.0,0,24
base,0,attention_last8_max,0.04952459750461665,0.0,0.0,0.0,0,24
base,0,attention_last8_mean,0.008464616724137506,0.0,0.0,0.0,0,24
base,0,attention_train3_max_lift,0.08087228329146598,0.0,0.0,0.0,0,24
base,0,attention_train3_mean_lift,0.01437154833625597,0.0,0.0,0.0,0,24
base,0,audio_entropy,1.0489020811626872,0.0,0.0,0.0,0,24
base,0,text_entropy,1.2147654969781436,0.0,0.0,0.0,0,24
base,0,entropy_delta,0.16586341581545636,0.0,0.0,0.0,0,24
base,0,entropy_delta_abs,0.27054105206685747,0.0,0.0,0.0,0,24
base,0,training_reference_entropy_delta_abs,0.25258545264966137,0.0,0.0,0.0,0,24
base,0,audio_silence_logprob_delta,0.32903006862186346,0.0,0.0,0.0,0,24
base,0,current_no_features_entropy,1.205531331239513,0.0,0.0,0.0,0,24
base,0,refreshed_reference_entropy_delta,0.1566292500768257,0.0,0.0,0.0,0,24
base,0,refreshed_reference_entropy_delta_abs,0.25258545264966137,0.0,0.0,0.0,0,24
base,0,preceding_reference_entropy_delta,0.1566292500768257,0.0,0.0,0.0,0,24
base,0,preceding_reference_entropy_delta_abs,0.25258545264966137,0.0,0.0,0.0,0,24
base,0,attention_max_late_early_lift,1.2734907286636978,0.0,0.0,0.0,0,24
base,0,attention_mean_late_early_lift,1.424189895135392,0.0,0.0,0.0,0,24
base,100,attention_train3_max,0.039834066770650836,0.00713158376942892,0.0056242721985945215,0.008746775505615765,24,24
base,100,attention_train3_mean,0.007414484325283555,0.0013448693780071742,0.001035224706399981,0.001687268856354671,24,24
base,100,attention_last8_max,0.05693149937446796,0.007406901869851307,0.005940305861498829,0.00897815999887729,24,24
base,100,attention_last8_mean,0.009739073423592214,0.0012744566994547066,0.0009827536372537078,0.001598501235391835,24,24
base,100,attention_train3_max_lift,0.09876272225785858,0.017890438966392575,0.01542783329662121,0.020558979849406925,24,24
base,100,attention_train3_mean_lift,0.01760887358416211,0.003237325247906145,0.002839392228733653,0.003648240484291409,24,24
base,100,audio_entropy,0.9977729200815131,-0.05112916108117424,-0.0550432857264785,-0.04723830110250933,0,24
base,100,text_entropy,1.1724437601616642,-0.04232173681647957,-0.046142843634629775,-0.03883587587993798,0,24
base,100,entropy_delta,0.17467084008015102,0.008807424264694682,0.005472688777058019,0.01210260122562943,22,24
base,100,entropy_delta_abs,0.27562808249373166,0.005087030426874203,0.0025549171452215365,0.007587948550939904,20,24
base,100,training_reference_entropy_delta_abs,0.2740303666027602,0.02144491395309885,0.016415374841636434,0.026196737188914406,22,24
base,100,audio_silence_logprob_delta,0.3370880898123573,0.00805802119049385,0.005980712025789884,0.010199672590608498,22,24
base,100,current_no_features_entropy,1.1608184752364965,-0.04471285600301639,-0.047405676441794414,-0.04199733629829025,0,24
base,100,refreshed_reference_entropy_delta,0.16304555515498356,0.006416305078157843,0.0037896314858839775,0.009202354682570836,20,24
base,100,refreshed_reference_entropy_delta_abs,0.2567971912044173,0.004211738554755969,0.0028383255967900593,0.005619147253187838,22,24
base,100,preceding_reference_entropy_delta,0.20775841115799998,0.05112916108117425,0.047238301102509345,0.055043285726478514,24,24
base,100,preceding_reference_entropy_delta_abs,0.2740303666027602,0.02144491395309885,0.016415374841636434,0.026196737188914406,22,24
base,100,attention_max_late_early_lift,1.2428593220103321,-0.030631406653365684,-0.10623391725099827,0.029477927621685905,13,24
base,100,attention_mean_late_early_lift,1.3752839983724563,-0.04890589676293557,-0.13192195346986102,0.014287270024619122,12,24
base,200,attention_train3_max,0.0622480017249204,0.029545518723698472,0.02396296645130573,0.03544265114044597,24,24
base,200,attention_train3_mean,0.011410277052788692,0.00534066210551231,0.004217865391931003,0.006521539724843803,24,24
base,200,attention_last8_max,0.07784277694703824,0.028318179442421598,0.02316597495801849,0.03365848292058391,24,24
base,200,attention_last8_mean,0.013216281527458539,0.004751664803321031,0.0037759288119737157,0.005790497920093423,24,24
base,200,attention_train3_max_lift,0.15744571835995183,0.07657343506848587,0.06624739911423409,0.08834085990418744,24,24
base,200,attention_train3_mean_lift,0.027628429584065903,0.013256881247809932,0.01170429137058513,0.014980658580016192,24,24
base,200,audio_entropy,0.9682425005226428,-0.08065958064004468,-0.08750446685521683,-0.07433018899435101,0,24
base,200,text_entropy,1.1495286512750353,-0.06523684570310846,-0.07246251208668701,-0.05825948363312166,0,24
base,200,entropy_delta,0.1812861507523926,0.015422734936936253,0.010741030754473444,0.0207654669914972,23,24
base,200,entropy_delta_abs,0.2801830088072879,0.009641956740430408,0.005799770369364446,0.013702532639984801,20,24
base,200,training_reference_entropy_delta_abs,0.29264320688892,0.04005775423925864,0.032446287490738135,0.0474719660235353,23,24
base,200,audio_silence_logprob_delta,0.3450899406738617,0.016059872051998145,0.011476628246453584,0.02136439224204423,24,24
base,200,current_no_features_entropy,1.1373024307232507,-0.06822890051626244,-0.07424408382544417,-0.062289187055205524,0,24
base,200,refreshed_reference_entropy_delta,0.16905993020060794,0.012430680123782234,0.00876897619821248,0.016211216811079027,21,24
base,200,refreshed_reference_entropy_delta_abs,0.26094540216472795,0.00835994951506664,0.006354386980866985,0.010660334744493325,23,24
base,200,preceding_reference_entropy_delta,0.19257597471385401,0.0359467246370283,0.03151905862866684,0.040974624790405506,24,24
base,200,preceding_reference_entropy_delta_abs,0.26848478075214205,0.01589932810248075,0.012364489509299163,0.019283333582065663,22,24
base,200,attention_max_late_early_lift,1.233891995537735,-0.03959873312596257,-0.31160358476142813,0.16968395724199167,15,24
base,200,attention_mean_late_early_lift,1.3217267844550966,-0.10246311068029539,-0.37928241383801203,0.1028361260848016,14,24
base,300,attention_train3_max,0.0930176983255796,0.06031521532435769,0.049735250374867424,0.07178370298697119,24,24
base,300,attention_train3_mean,0.016593310422692662,0.01052369547541628,0.008451350149602856,0.012675088559462188,24,24
base,300,attention_last8_max,0.10322068134438583,0.0536960838397692,0.04448983700369193,0.0634115125762737,24,24
base,300,attention_last8_mean,0.0172825485139336,0.008817931789796092,0.007104238648011118,0.010585076122092812,24,24
base,300,attention_train3_max_lift,0.2436642735271312,0.16279199023566523,0.13793467487002445,0.19218562989023605,24,24
base,300,attention_train3_mean_lift,0.0413592358457996,0.026987687509543626,0.023571109979996244,0.031059257859950312,24,24
base,300,audio_entropy,0.9523320600963733,-0.09657002106631407,-0.1064977118769327,-0.08777787752587404,0,24
base,300,text_entropy,1.1324746606733278,-0.08229083630481586,-0.09121062333295706,-0.07373159289274545,0,24
base,300,entropy_delta,0.1801426005769546,0.014279184761498254,0.008820204367028427,0.02001571121138395,21,24
base,300,entropy_delta_abs,0.2836934198677215,0.013152367800863998,0.009724869048270385,0.016869815678622828,23,24
base,300,training_reference_entropy_delta_abs,0.3064820251860967,0.05389657253643535,0.04463368919247168,0.06312078749347243,24,24
base,300,audio_silence_logprob_delta,0.35045987472572643,0.021429806103862956,0.016237893635821128,0.02681829307724897,24,24
base,300,current_no_features_entropy,1.1210656500115022,-0.08446568122801094,-0.09216933406627693,-0.07723288769844236,0,24
base,300,refreshed_reference_entropy_delta,0.16873358991512888,0.012104339838303177,0.0074059575407483,0.016595855371662895,19,24
base,300,refreshed_reference_entropy_delta_abs,0.26495570356125847,0.012370250911597111,0.009735971846373427,0.015027618219346678,24,24
base,300,preceding_reference_entropy_delta,0.18497037062687735,0.02834112055005164,0.02293752666345207,0.03390265252403339,24,24
base,300,preceding_reference_entropy_delta_abs,0.2697583964591492,0.017172943809487844,0.014087128039469,0.020436398959269735,24,24
base,300,attention_max_late_early_lift,1.311187573321165,0.0376968446574675,-0.397306391540244,0.36515457899126585,17,24
base,300,attention_mean_late_early_lift,1.3482657980232233,-0.07592409711216828,-0.5002626087518219,0.23877001890971158,17,24
base,400,attention_train3_max,0.09755487848907118,0.06485239548784927,0.05358078613244071,0.07702068766710564,24,24
base,400,attention_train3_mean,0.017339131038723126,0.011269516091446748,0.009056741120290483,0.013557592591779473,24,24
base,400,attention_last8_max,0.10688580615850457,0.05736120865388791,0.047578159458948124,0.06774525596966317,24,24
base,400,attention_last8_mean,0.01785954460794369,0.009394927883806187,0.007572394188573469,0.011259048334602274,24,24
base,400,attention_train3_max_lift,0.25662347765065013,0.17575119435918418,0.14854660709461545,0.20782032761028488,24,24
base,400,attention_train3_mean_lift,0.043338647665262374,0.028967099329006412,0.02524976109485596,0.03337315756020496,24,24
base,400,audio_entropy,0.9545347367778825,-0.09436734438480494,-0.10401175562941062,-0.08558285633820732,0,24
base,400,text_entropy,1.1323708376200474,-0.0823946593580963,-0.09161293464127096,-0.07333697994451187,0,24
base,400,entropy_delta,0.17783610084216503,0.011972685026708648,0.005716787615891545,0.01847216444117836,20,24
base,400,entropy_delta_abs,0.28262407221033115,0.012083020143473648,0.008248897530075848,0.016237781550857467,22,24
base,400,training_reference_entropy_delta_abs,0.3053929663922231,0.05280751374256178,0.043253630383133214,0.06218519882546263,24,24
base,400,audio_silence_logprob_delta,0.3502697237492316,0.021239655127368074,0.016029638932356698,0.026606947733824347,23,24
base,400,current_no_features_entropy,1.1236096671838434,-0.08192166405566967,-0.08979269318344556,-0.07426476275159213,0,24
base,400,refreshed_reference_entropy_delta,0.16907493040596097,0.012445680329135261,0.007903424927894878,0.016964700725444096,21,24
base,400,refreshed_reference_entropy_delta_abs,0.26438774940025195,0.01180229675059058,0.009093452517110908,0.014600781259328436,23,24
base,400,preceding_reference_entropy_delta,0.16653091323361974,0.009901663156794032,0.005450619508133533,0.01442682280773414,18,24
base,400,preceding_reference_entropy_delta_abs,0.26424515624609074,0.01165970359642939,0.008871085428868861,0.014394754255674387,22,24
base,400,attention_max_late_early_lift,1.3199017694588653,0.046411040795167426,-0.4121006767761671,0.39096231478049703,17,24
base,400,attention_mean_late_early_lift,1.3507024968582961,-0.07348739827709568,-0.5268683442910861,0.2575934397584172,18,24
base,500,attention_train3_max,0.09787129723223864,0.06516881423101674,0.053847480925639214,0.07733394966469172,24,24
base,500,attention_train3_mean,0.017393694293263318,0.011324079345986934,0.009107455814294875,0.01360353165549159,24,24
base,500,attention_last8_max,0.10711065287393053,0.05758605536931388,0.04778935502970672,0.06800763353777858,24,24
base,500,attention_last8_mean,0.01789136308534024,0.009426746361202732,0.007602708500767966,0.01129780971551401,24,24
base,500,attention_train3_max_lift,0.2579002066580982,0.17702792336663223,0.1493245716867027,0.2101482782894744,24,24
base,500,attention_train3_mean_lift,0.04356007019113121,0.02918852185487525,0.025375296714912156,0.03370657155140367,24,24
base,500,audio_entropy,0.9546656277779316,-0.09423645338475584,-0.10425984831518631,-0.08504262942356411,0,24
base,500,text_entropy,1.1322145225487266,-0.08255097442941722,-0.09203895894672061,-0.07360918884952614,0,24
base,500,entropy_delta,0.17754889477079497,0.011685478955338615,0.0053830181832763375,0.018368482507757012,18,24
base,500,entropy_delta_abs,0.28242041763995457,0.011879365573097133,0.007945408811591292,0.015983897353424058,23,24
base,500,training_reference_entropy_delta_abs,0.30525617790865994,0.05267072525899865,0.04329189217252404,0.06187200486355073,24,24
base,500,audio_silence_logprob_delta,0.3498492441920684,0.020819175570204934,0.015895537351427725,0.02602785268259406,23,24
base,500,current_no_features_entropy,1.1229637828362442,-0.08256754840326892,-0.09090933051435725,-0.0744806399961641,0,24
base,500,refreshed_reference_entropy_delta,0.1682981550583126,0.01166890498148689,0.006925524537171985,0.016155063516892405,20,24
base,500,refreshed_reference_entropy_delta_abs,0.26435236839730963,0.011766915747648321,0.00935548995734158,0.014116646084736393,23,24
base,500,preceding_reference_entropy_delta,0.16894403940591185,0.012314789329086154,0.0074292858756029945,0.016966150799366565,19,24
base,500,preceding_reference_entropy_delta_abs,0.26493144923624884,0.012345996586587476,0.010131292304594506,0.01460893859894135,24,24
base,500,attention_max_late_early_lift,1.323232777316603,0.049742048652905414,-0.41475801759032477,0.39621295281001984,17,24
base,500,attention_mean_late_early_lift,1.3534114196301419,-0.07077847550525,-0.5281447521779684,0.26320902376830163,18,24
checkpoint-500,0,attention_train3_max,0.03450255237763821,0.0,0.0,0.0,0,24
checkpoint-500,0,attention_train3_mean,0.006424887076539168,0.0,0.0,0.0,0,24
checkpoint-500,0,attention_last8_max,0.05272923490810364,0.0,0.0,0.0,0,24
checkpoint-500,0,attention_last8_mean,0.008913736639927802,0.0,0.0,0.0,0,24
checkpoint-500,0,attention_train3_max_lift,0.08593014910139495,0.0,0.0,0.0,0,24
checkpoint-500,0,attention_train3_mean_lift,0.015269974017415392,0.0,0.0,0.0,0,24
checkpoint-500,0,audio_entropy,1.1328971240719963,0.0,0.0,0.0,0,24
checkpoint-500,0,text_entropy,1.3295821609073692,0.0,0.0,0.0,0,24
checkpoint-500,0,entropy_delta,0.19668503683537306,0.0,0.0,0.0,0,24
checkpoint-500,0,entropy_delta_abs,0.290584096642526,0.0,0.0,0.0,0,24
checkpoint-500,0,training_reference_entropy_delta_abs,0.27371682080124954,0.0,0.0,0.0,0,24
checkpoint-500,0,audio_silence_logprob_delta,0.34821975159425644,0.0,0.0,0.0,0,24
checkpoint-500,0,current_no_features_entropy,1.3190668563175494,0.0,0.0,0.0,0,24
checkpoint-500,0,refreshed_reference_entropy_delta,0.1861697322455532,0.0,0.0,0.0,0,24
checkpoint-500,0,refreshed_reference_entropy_delta_abs,0.27371682080124954,0.0,0.0,0.0,0,24
checkpoint-500,0,preceding_reference_entropy_delta,0.1861697322455532,0.0,0.0,0.0,0,24
checkpoint-500,0,preceding_reference_entropy_delta_abs,0.27371682080124954,0.0,0.0,0.0,0,24
checkpoint-500,0,attention_max_late_early_lift,1.1157754290299549,0.0,0.0,0.0,0,24
checkpoint-500,0,attention_mean_late_early_lift,1.209063078353782,0.0,0.0,0.0,0,24
checkpoint-500,100,attention_train3_max,0.04215123419302732,0.007648681815389111,0.0060898014524657625,0.00936307594583118,24,24
checkpoint-500,100,attention_train3_mean,0.00788983097752397,0.0014649439009848015,0.0011260346521377313,0.001833879377241668,24,24
checkpoint-500,100,attention_last8_max,0.06059904735340294,0.0078698124452993,0.006375089685695528,0.009503132767876175,24,24
checkpoint-500,100,attention_last8_mean,0.010277206506838978,0.0013634698669111756,0.001048932558477061,0.0017064680428948587,24,24
checkpoint-500,100,attention_train3_max_lift,0.1059455525308689,0.02001540342947396,0.01721696385597238,0.023100066755218657,24,24
checkpoint-500,100,attention_train3_mean_lift,0.01889171818055792,0.003621744163142529,0.0031796891643953162,0.004094700014510924,24,24
checkpoint-500,100,audio_entropy,1.08301113572617,-0.04988598834582619,-0.05387690310530721,-0.046075611975587405,0,24
checkpoint-500,100,text_entropy,1.2896757223426627,-0.03990643856470663,-0.04330286737640405,-0.03658060126996773,0,24
checkpoint-500,100,entropy_delta,0.2066645866164926,0.009979549781119567,0.0071336591566785006,0.012915458955678933,21,24
checkpoint-500,100,entropy_delta_abs,0.29548882311975805,0.004904726477232013,0.002805286537740801,0.006940285003588033,19,24
checkpoint-500,100,training_reference_entropy_delta_abs,0.29700815941372066,0.023291338612471128,0.019732015451450913,0.026920801991426446,24,24
checkpoint-500,100,audio_silence_logprob_delta,0.3557356941487235,0.007515942554467132,0.0041683854476276035,0.010861936966158383,18,24
checkpoint-500,100,current_no_features_entropy,1.2771866957495377,-0.04188016056801177,-0.04581234259566227,-0.03825713254953685,0,24
checkpoint-500,100,refreshed_reference_entropy_delta,0.19417556002336767,0.008005827777814426,0.004598223035340546,0.011102693233082347,20,24
checkpoint-500,100,refreshed_reference_entropy_delta_abs,0.2768372118139954,0.003120391012745865,0.0011096006465372153,0.004936635945696414,19,24
checkpoint-500,100,preceding_reference_entropy_delta,0.2360557205913794,0.04988598834582619,0.04607561197558741,0.053876903105307176,24,24
checkpoint-500,100,preceding_reference_entropy_delta_abs,0.29700815941372066,0.023291338612471128,0.019732015451450913,0.026920801991426446,24,24
checkpoint-500,100,attention_max_late_early_lift,1.1409067885316115,0.025131359501656788,-0.016641663699762506,0.06694814857933222,17,24
checkpoint-500,100,attention_mean_late_early_lift,1.2216040672383393,0.012540988884557363,-0.03290536620603731,0.05575698461018027,16,24
checkpoint-500,200,attention_train3_max,0.06621631675763646,0.031713764379998254,0.02620230074123524,0.03761172183853315,24,24
checkpoint-500,200,attention_train3_mean,0.012263725959969685,0.005838838883430518,0.004682570522822582,0.007098241043767798,24,24
checkpoint-500,200,attention_last8_max,0.0830364493850701,0.030307214476966462,0.025077608688226193,0.03574078036140919,24,24
checkpoint-500,200,attention_last8_mean,0.014069008975480904,0.005155272335553101,0.004120688229671051,0.006284051255487643,24,24
checkpoint-500,200,attention_train3_max_lift,0.17289586957537975,0.08696572047398483,0.07393477241534557,0.1021967790002124,24,24
checkpoint-500,200,attention_train3_mean_lift,0.03040587883424892,0.015135904816833532,0.013198931686859212,0.01738406934100472,24,24
checkpoint-500,200,audio_entropy,1.0587842720666012,-0.07411285200539504,-0.08105982785959243,-0.06744472524815638,0,24
checkpoint-500,200,text_entropy,1.2687011493897398,-0.06088101151762936,-0.0662108698389967,-0.05563106117274291,0,24
checkpoint-500,200,entropy_delta,0.2099168773231387,0.013231840487765698,0.009541483269175834,0.017088405435624593,23,24
checkpoint-500,200,entropy_delta_abs,0.2988103085600965,0.008226211917570475,0.0055106211410216365,0.010986904496173133,22,24
checkpoint-500,200,training_reference_entropy_delta_abs,0.31316940892836276,0.03945258812711318,0.03307268667692183,0.046277486552151144,24,24
checkpoint-500,200,audio_silence_logprob_delta,0.35903684745262404,0.010817095858367575,0.006787273293744823,0.014912276900374171,19,24
checkpoint-500,200,current_no_features_entropy,1.2570153241185216,-0.06205153219902785,-0.0678891510733477,-0.05659617980226826,0,24
checkpoint-500,200,refreshed_reference_entropy_delta,0.19823105205192038,0.012061319806367177,0.008057429935568884,0.01590384462961929,21,24
checkpoint-500,200,refreshed_reference_entropy_delta_abs,0.28122445294043646,0.00750763213918691,0.004989526070956669,0.009859759205530533,21,24
checkpoint-500,200,preceding_reference_entropy_delta,0.2184024236829365,0.03223269143738328,0.027479143415805745,0.036697794435535086,24,24
checkpoint-500,200,preceding_reference_entropy_delta_abs,0.2883322958224928,0.014615475021243288,0.010734080674615155,0.018594053276907878,23,24
checkpoint-500,200,attention_max_late_early_lift,1.265804024351327,0.1500285953213723,0.015849956490630705,0.29021292520838965,17,24
checkpoint-500,200,attention_mean_late_early_lift,1.3256304298068002,0.11656735145301815,-0.02308200829480974,0.2601169273404969,17,24
checkpoint-500,300,attention_train3_max,0.09828154965714493,0.06377899727950674,0.053417252541711015,0.07437033726635629,24,24
checkpoint-500,300,attention_train3_mean,0.01777850417439852,0.01135361709785935,0.009293726613059093,0.0134648609082418,24,24
checkpoint-500,300,attention_last8_max,0.10934671968209848,0.056617484773994836,0.047433003894349075,0.0658431929569829,24,24
checkpoint-500,300,attention_last8_mean,0.01835320207246107,0.009439465432533267,0.00769507532939394,0.011260669478782091,24,24
checkpoint-500,300,attention_train3_max_lift,0.26786018279608476,0.18193003369468985,0.15166995998222488,0.21848431143145922,24,24
checkpoint-500,300,attention_train3_mean_lift,0.04585437775696132,0.030584403739545924,0.026290623228153242,0.036045034690069755,24,24
checkpoint-500,300,audio_entropy,1.0439501216680858,-0.0889470024039104,-0.09838302034940921,-0.08013223888457224,0,24
checkpoint-500,300,text_entropy,1.2558606271330763,-0.07372153377429286,-0.08152091844018802,-0.06606501245161825,0,24
checkpoint-500,300,entropy_delta,0.21191050546499057,0.015225468629617545,0.010671225646126499,0.02005293572860823,22,24
checkpoint-500,300,entropy_delta_abs,0.30309982174601197,0.01251572510348598,0.009396668756431246,0.015637174508067318,22,24
checkpoint-500,300,training_reference_entropy_delta_abs,0.32639570359735054,0.052678882796100966,0.04457767877955858,0.06125087267545658,24,24
checkpoint-500,300,audio_silence_logprob_delta,0.3619191295225755,0.013699377928319071,0.009098456687521378,0.018199883060585943,22,24
checkpoint-500,300,current_no_features_entropy,1.2428356066394914,-0.07623124967805789,-0.0845407122989622,-0.0683327433287513,0,24
checkpoint-500,300,refreshed_reference_entropy_delta,0.19888548497140576,0.012715752725852516,0.008111037122808222,0.01687112533939984,19,24
checkpoint-500,300,refreshed_reference_entropy_delta_abs,0.2844667302757422,0.010749909474492643,0.00741383987970066,0.013937060295551418,21,24
checkpoint-500,300,preceding_reference_entropy_delta,0.21306520245043573,0.02689547020488255,0.020938845716662064,0.03279436990004874,23,24
checkpoint-500,300,preceding_reference_entropy_delta_abs,0.2897228325718072,0.016006011770557656,0.012693859652029972,0.019109041212306423,23,24
checkpoint-500,300,attention_max_late_early_lift,1.418040035460965,0.30226460643101,0.05289180105579673,0.5518358672504503,16,24
checkpoint-500,300,attention_mean_late_early_lift,1.4498650386269762,0.24080196027319448,0.016721600186192995,0.47193377695967115,17,24
checkpoint-500,400,attention_train3_max,0.10318597286991715,0.06868342049227895,0.057670226352507174,0.07994184221357423,24,24
checkpoint-500,400,attention_train3_mean,0.018610498985645214,0.012185611909106045,0.009990608443752992,0.014424664114037894,24,24
checkpoint-500,400,attention_last8_max,0.11328920615727273,0.060559971249169085,0.050826088063399735,0.07038129122161717,24,24
checkpoint-500,400,attention_last8_mean,0.018989643641200964,0.010075907001273162,0.008224354067870896,0.012001719754060494,24,24
checkpoint-500,400,attention_train3_max_lift,0.28227981735812674,0.19634966825673184,0.1634343314320436,0.23588388743666372,24,24
checkpoint-500,400,attention_train3_mean_lift,0.04816551064866315,0.03289553663124777,0.02824284174782206,0.03876650564882105,24,24
checkpoint-500,400,audio_entropy,1.043139580603115,-0.08975754346888119,-0.09844741903694283,-0.08153439929468101,0,24
checkpoint-500,400,text_entropy,1.2549046197186124,-0.0746775411887568,-0.08241740572945339,-0.06696128557396325,0,24
checkpoint-500,400,entropy_delta,0.2117650391154974,0.015080002280124398,0.010847526097496958,0.019188723833816503,23,24
checkpoint-500,400,entropy_delta_abs,0.30247959492112114,0.011895498278595124,0.008775275651468663,0.01483456256665339,21,24
checkpoint-500,400,training_reference_entropy_delta_abs,0.326479677126503,0.052762856325253425,0.045138916770722105,0.06089243096609653,24,24
checkpoint-500,400,audio_silence_logprob_delta,0.3631530453137979,0.014933293719541446,0.009513635860704611,0.020596646586000588,21,24
checkpoint-500,400,current_no_features_entropy,1.2433536267287095,-0.0757132295888399,-0.0844443819883442,-0.06761275146239079,0,24
checkpoint-500,400,refreshed_reference_entropy_delta,0.20021404612559449,0.014044313880041286,0.009354966335170457,0.0180370199083889,22,24
checkpoint-500,400,refreshed_reference_entropy_delta_abs,0.28411065511071515,0.010393834309465609,0.007260945874367943,0.01327392703613595,21,24
checkpoint-500,400,preceding_reference_entropy_delta,0.19969602603637648,0.013526293790823313,0.009080200281255384,0.017430336514241727,22,24
checkpoint-500,400,preceding_reference_entropy_delta_abs,0.28394814921521705,0.010231328413967513,0.006922423940217889,0.013415485909991358,21,24
checkpoint-500,400,attention_max_late_early_lift,1.4248283686253835,0.3090529395954287,0.03504806598280464,0.5767833007139647,16,24
checkpoint-500,400,attention_mean_late_early_lift,1.4555003760497833,0.2464372976960015,0.006524035773719528,0.49020293288667605,17,24
checkpoint-500,500,attention_train3_max,0.10338690897454773,0.06888435659690954,0.05788994811026811,0.08010540807953537,24,24
checkpoint-500,500,attention_train3_mean,0.01862125734197437,0.012196370265435205,0.010006995424160557,0.014423488715536968,24,24
checkpoint-500,500,attention_last8_max,0.11342764690936269,0.060698412001259056,0.05090901907923812,0.07053413281277614,24,24
checkpoint-500,500,attention_last8_mean,0.018994227930340096,0.010080491290412292,0.00823172692833913,0.012001119353502392,24,24
checkpoint-500,500,attention_train3_max_lift,0.28364547088070835,0.19771532177931342,0.16400295658189748,0.2380766120458822,24,24
checkpoint-500,500,attention_train3_mean_lift,0.048309005197650155,0.033039031180234754,0.028295508836290745,0.039037564188711536,24,24
checkpoint-500,500,audio_entropy,1.0437798438491555,-0.08911728022284077,-0.0983520320530423,-0.08050074887891656,0,24
checkpoint-500,500,text_entropy,1.2552822420605116,-0.07429991884685751,-0.08251230262515463,-0.06654496816116391,0,24
checkpoint-500,500,entropy_delta,0.2115023982113563,0.01481736137598325,0.009740921825946255,0.019945012442704066,22,24
checkpoint-500,500,entropy_delta_abs,0.30258677881738216,0.012002682174856122,0.008908284631199066,0.014984965354616056,23,24
checkpoint-500,500,training_reference_entropy_delta_abs,0.3259548384819679,0.05223801768071832,0.04413466458045688,0.06087783181686006,24,24
checkpoint-500,500,audio_silence_logprob_delta,0.3648864451059393,0.016666693511682918,0.011930703056652938,0.02135548395183277,21,24
checkpoint-500,500,current_no_features_entropy,1.2441975436420323,-0.0748693126755171,-0.08261085412174442,-0.06745580577612581,0,24
checkpoint-500,500,refreshed_reference_entropy_delta,0.2004176997928769,0.014247967547323664,0.009125651782399102,0.019106784497395127,22,24
checkpoint-500,500,refreshed_reference_entropy_delta_abs,0.2843628080329078,0.010645987231658235,0.007852573539402337,0.013156854619637228,22,24
checkpoint-500,500,preceding_reference_entropy_delta,0.19957378287955405,0.013404050634000832,0.008366104312777166,0.01808545385401713,21,24
checkpoint-500,500,preceding_reference_entropy_delta_abs,0.2846709931177059,0.010954172316456304,0.008267192116874857,0.013346093054221613,23,24
checkpoint-500,500,attention_max_late_early_lift,1.4366398459496186,0.32086441691966366,0.057900278049870045,0.5843813490759374,17,24
checkpoint-500,500,attention_mean_late_early_lift,1.4648218789787064,0.2557588006249245,0.021444560416947374,0.4958789877378688,17,24
